week,State,death
02/01/2020,United States,0.0
02/08/2020,United States,1.0
02/15/2020,United States,0.0
02/22/2020,United States,4.0
02/29/2020,United States,10.0
03/07/2020,United States,36.0
03/14/2020,United States,56.0
03/21/2020,United States,573.0
03/28/2020,United States,3169.0
04/04/2020,United States,10043.0
04/11/2020,United States,16203.0
04/18/2020,United States,17087.0
04/25/2020,United States,15454.0
05/02/2020,United States,13163.0
05/09/2020,United States,11183.0
05/16/2020,United States,9175.0
05/23/2020,United States,7196.0
05/30/2020,United States,6128.0
06/06/2020,United States,5009.0
06/13/2020,United States,4208.0
06/20/2020,United States,3817.0
06/27/2020,United States,3795.0
07/04/2020,United States,4493.0
07/11/2020,United States,5734.0
07/18/2020,United States,7121.0
07/25/2020,United States,8151.0
08/01/2020,United States,8221.0
08/08/2020,United States,7780.0
08/15/2020,United States,7165.0
08/22/2020,United States,6261.0
08/29/2020,United States,5584.0
09/05/2020,United States,4785.0
09/12/2020,United States,4362.0
09/19/2020,United States,3972.0
09/26/2020,United States,4003.0
10/03/2020,United States,3902.0
10/10/2020,United States,4401.0
10/17/2020,United States,4649.0
10/24/2020,United States,5182.0
10/31/2020,United States,5409.0
11/07/2020,United States,4903.0
11/14/2020,United States,1876.0
02/01/2020,Alabama,0.0
02/08/2020,Alabama,0.0
02/15/2020,Alabama,0.0
02/22/2020,Alabama,0.0
02/29/2020,Alabama,0.0
03/07/2020,Alabama,0.0
03/14/2020,Alabama,0.0
03/28/2020,Alabama,23.0
04/04/2020,Alabama,49.0
04/11/2020,Alabama,81.0
04/18/2020,Alabama,89.0
04/25/2020,Alabama,83.0
05/02/2020,Alabama,81.0
05/09/2020,Alabama,115.0
05/16/2020,Alabama,94.0
05/23/2020,Alabama,79.0
05/30/2020,Alabama,103.0
06/06/2020,Alabama,90.0
06/13/2020,Alabama,81.0
06/20/2020,Alabama,88.0
06/27/2020,Alabama,102.0
07/04/2020,Alabama,119.0
07/11/2020,Alabama,133.0
07/18/2020,Alabama,191.0
07/25/2020,Alabama,247.0
08/01/2020,Alabama,261.0
08/08/2020,Alabama,261.0
08/15/2020,Alabama,228.0
08/22/2020,Alabama,206.0
08/29/2020,Alabama,181.0
09/05/2020,Alabama,153.0
09/12/2020,Alabama,136.0
09/19/2020,Alabama,136.0
09/26/2020,Alabama,103.0
10/03/2020,Alabama,106.0
10/10/2020,Alabama,127.0
10/17/2020,Alabama,113.0
10/24/2020,Alabama,105.0
10/31/2020,Alabama,113.0
11/07/2020,Alabama,100.0
11/14/2020,Alabama,62.0
02/01/2020,Alaska,0.0
02/08/2020,Alaska,0.0
02/15/2020,Alaska,0.0
02/22/2020,Alaska,0.0
02/29/2020,Alaska,0.0
03/07/2020,Alaska,0.0
03/14/2020,Alaska,0.0
03/21/2020,Alaska,0.0
04/25/2020,Alaska,0.0
05/02/2020,Alaska,0.0
05/16/2020,Alaska,0.0
05/23/2020,Alaska,0.0
05/30/2020,Alaska,0.0
06/06/2020,Alaska,0.0
06/20/2020,Alaska,0.0
06/27/2020,Alaska,0.0
11/07/2020,Alaska,0.0
02/01/2020,Arizona,0.0
02/08/2020,Arizona,0.0
02/15/2020,Arizona,0.0
02/22/2020,Arizona,0.0
02/29/2020,Arizona,0.0
03/07/2020,Arizona,0.0
03/14/2020,Arizona,0.0
03/28/2020,Arizona,31.0
04/04/2020,Arizona,58.0
04/11/2020,Arizona,91.0
04/18/2020,Arizona,96.0
04/25/2020,Arizona,106.0
05/02/2020,Arizona,104.0
05/09/2020,Arizona,127.0
05/16/2020,Arizona,118.0
05/23/2020,Arizona,98.0
05/30/2020,Arizona,114.0
06/06/2020,Arizona,132.0
06/13/2020,Arizona,172.0
06/20/2020,Arizona,207.0
06/27/2020,Arizona,256.0
07/04/2020,Arizona,384.0
07/11/2020,Arizona,501.0
07/18/2020,Arizona,543.0
07/25/2020,Arizona,471.0
08/01/2020,Arizona,388.0
08/08/2020,Arizona,305.0
08/15/2020,Arizona,249.0
08/22/2020,Arizona,172.0
08/29/2020,Arizona,126.0
09/05/2020,Arizona,92.0
09/12/2020,Arizona,60.0
09/19/2020,Arizona,65.0
09/26/2020,Arizona,56.0
10/03/2020,Arizona,35.0
10/10/2020,Arizona,51.0
10/17/2020,Arizona,42.0
10/24/2020,Arizona,62.0
10/31/2020,Arizona,80.0
11/07/2020,Arizona,101.0
11/14/2020,Arizona,42.0
02/01/2020,Arkansas,0.0
02/08/2020,Arkansas,0.0
02/15/2020,Arkansas,0.0
02/22/2020,Arkansas,0.0
02/29/2020,Arkansas,0.0
03/07/2020,Arkansas,0.0
03/14/2020,Arkansas,0.0
03/21/2020,Arkansas,0.0
04/04/2020,Arkansas,11.0
04/11/2020,Arkansas,14.0
04/18/2020,Arkansas,12.0
04/25/2020,Arkansas,14.0
05/02/2020,Arkansas,22.0
05/09/2020,Arkansas,24.0
05/23/2020,Arkansas,20.0
05/30/2020,Arkansas,19.0
06/06/2020,Arkansas,26.0
06/13/2020,Arkansas,34.0
06/20/2020,Arkansas,45.0
06/27/2020,Arkansas,47.0
07/04/2020,Arkansas,40.0
07/11/2020,Arkansas,47.0
07/18/2020,Arkansas,57.0
07/25/2020,Arkansas,73.0
08/01/2020,Arkansas,86.0
08/08/2020,Arkansas,90.0
08/15/2020,Arkansas,89.0
08/22/2020,Arkansas,99.0
08/29/2020,Arkansas,95.0
09/05/2020,Arkansas,88.0
09/12/2020,Arkansas,103.0
09/19/2020,Arkansas,81.0
09/26/2020,Arkansas,93.0
10/03/2020,Arkansas,114.0
10/10/2020,Arkansas,139.0
10/17/2020,Arkansas,138.0
10/24/2020,Arkansas,141.0
10/31/2020,Arkansas,131.0
11/07/2020,Arkansas,106.0
11/14/2020,Arkansas,61.0
02/01/2020,California,0.0
02/15/2020,California,0.0
02/29/2020,California,0.0
03/21/2020,California,44.0
03/28/2020,California,131.0
04/04/2020,California,289.0
04/11/2020,California,381.0
04/18/2020,California,535.0
04/25/2020,California,528.0
05/02/2020,California,544.0
05/09/2020,California,550.0
05/16/2020,California,500.0
05/23/2020,California,486.0
05/30/2020,California,463.0
06/06/2020,California,445.0
06/13/2020,California,444.0
06/20/2020,California,456.0
06/27/2020,California,491.0
07/04/2020,California,634.0
07/11/2020,California,737.0
07/18/2020,California,881.0
07/25/2020,California,1000.0
08/01/2020,California,1002.0
08/08/2020,California,985.0
08/15/2020,California,872.0
08/22/2020,California,822.0
08/29/2020,California,720.0
09/05/2020,California,604.0
09/12/2020,California,520.0
09/19/2020,California,473.0
09/26/2020,California,446.0
10/03/2020,California,333.0
10/10/2020,California,365.0
10/17/2020,California,285.0
10/24/2020,California,281.0
10/31/2020,California,265.0
11/07/2020,California,164.0
11/14/2020,California,65.0
02/01/2020,Colorado,0.0
02/08/2020,Colorado,0.0
02/15/2020,Colorado,0.0
02/22/2020,Colorado,0.0
03/07/2020,Colorado,0.0
03/21/2020,Colorado,16.0
03/28/2020,Colorado,46.0
04/04/2020,Colorado,129.0
04/11/2020,Colorado,214.0
04/18/2020,Colorado,218.0
04/25/2020,Colorado,224.0
05/02/2020,Colorado,188.0
05/09/2020,Colorado,139.0
05/16/2020,Colorado,97.0
05/23/2020,Colorado,93.0
05/30/2020,Colorado,75.0
06/06/2020,Colorado,63.0
06/13/2020,Colorado,59.0
06/20/2020,Colorado,38.0
06/27/2020,Colorado,22.0
07/04/2020,Colorado,25.0
07/11/2020,Colorado,29.0
07/18/2020,Colorado,43.0
07/25/2020,Colorado,33.0
08/01/2020,Colorado,36.0
08/08/2020,Colorado,39.0
08/15/2020,Colorado,28.0
08/22/2020,Colorado,19.0
08/29/2020,Colorado,29.0
09/05/2020,Colorado,20.0
09/12/2020,Colorado,33.0
09/19/2020,Colorado,21.0
09/26/2020,Colorado,25.0
10/03/2020,Colorado,33.0
10/10/2020,Colorado,38.0
10/17/2020,Colorado,41.0
10/24/2020,Colorado,60.0
10/31/2020,Colorado,80.0
11/07/2020,Colorado,76.0
11/14/2020,Colorado,23.0
02/01/2020,Connecticut,0.0
02/08/2020,Connecticut,0.0
02/15/2020,Connecticut,0.0
02/22/2020,Connecticut,0.0
02/29/2020,Connecticut,0.0
03/07/2020,Connecticut,0.0
03/14/2020,Connecticut,0.0
03/21/2020,Connecticut,11.0
03/28/2020,Connecticut,48.0
04/04/2020,Connecticut,212.0
04/11/2020,Connecticut,512.0
04/18/2020,Connecticut,676.0
04/25/2020,Connecticut,673.0
05/02/2020,Connecticut,571.0
05/09/2020,Connecticut,467.0
05/16/2020,Connecticut,382.0
05/23/2020,Connecticut,284.0
05/30/2020,Connecticut,209.0
06/06/2020,Connecticut,118.0
06/13/2020,Connecticut,86.0
06/20/2020,Connecticut,45.0
06/27/2020,Connecticut,43.0
07/04/2020,Connecticut,23.0
07/11/2020,Connecticut,25.0
07/18/2020,Connecticut,16.0
07/25/2020,Connecticut,15.0
08/01/2020,Connecticut,10.0
09/19/2020,Connecticut,12.0
10/03/2020,Connecticut,16.0
10/10/2020,Connecticut,13.0
10/17/2020,Connecticut,23.0
10/24/2020,Connecticut,13.0
10/31/2020,Connecticut,11.0
11/07/2020,Connecticut,0.0
11/14/2020,Connecticut,0.0
02/01/2020,Delaware,0.0
02/08/2020,Delaware,0.0
02/15/2020,Delaware,0.0
02/22/2020,Delaware,0.0
02/29/2020,Delaware,0.0
03/07/2020,Delaware,0.0
03/14/2020,Delaware,0.0
03/21/2020,Delaware,0.0
04/11/2020,Delaware,24.0
04/18/2020,Delaware,40.0
04/25/2020,Delaware,64.0
05/02/2020,Delaware,74.0
05/09/2020,Delaware,64.0
05/16/2020,Delaware,75.0
05/23/2020,Delaware,49.0
05/30/2020,Delaware,49.0
06/06/2020,Delaware,23.0
06/13/2020,Delaware,20.0
10/03/2020,Delaware,12.0
10/24/2020,Delaware,13.0
10/31/2020,Delaware,13.0
11/14/2020,Delaware,0.0
02/01/2020,District of Columbia,0.0
02/08/2020,District of Columbia,0.0
02/15/2020,District of Columbia,0.0
02/22/2020,District of Columbia,0.0
02/29/2020,District of Columbia,0.0
03/07/2020,District of Columbia,0.0
03/14/2020,District of Columbia,0.0
04/04/2020,District of Columbia,25.0
04/11/2020,District of Columbia,37.0
04/18/2020,District of Columbia,59.0
04/25/2020,District of Columbia,90.0
05/02/2020,District of Columbia,75.0
05/09/2020,District of Columbia,86.0
05/16/2020,District of Columbia,71.0
05/23/2020,District of Columbia,49.0
05/30/2020,District of Columbia,42.0
06/06/2020,District of Columbia,38.0
06/13/2020,District of Columbia,30.0
06/20/2020,District of Columbia,28.0
06/27/2020,District of Columbia,19.0
07/04/2020,District of Columbia,16.0
07/18/2020,District of Columbia,13.0
08/01/2020,District of Columbia,10.0
08/22/2020,District of Columbia,11.0
10/03/2020,District of Columbia,10.0
10/10/2020,District of Columbia,12.0
02/01/2020,Florida,0.0
02/08/2020,Florida,0.0
02/15/2020,Florida,0.0
02/22/2020,Florida,0.0
02/29/2020,Florida,0.0
03/21/2020,Florida,17.0
03/28/2020,Florida,92.0
04/04/2020,Florida,219.0
04/11/2020,Florida,303.0
04/18/2020,Florida,310.0
04/25/2020,Florida,325.0
05/02/2020,Florida,308.0
05/09/2020,Florida,290.0
05/16/2020,Florida,257.0
05/23/2020,Florida,236.0
05/30/2020,Florida,230.0
06/06/2020,Florida,222.0
06/13/2020,Florida,193.0
06/20/2020,Florida,220.0
06/27/2020,Florida,322.0
07/04/2020,Florida,466.0
07/11/2020,Florida,782.0
07/18/2020,Florida,1180.0
07/25/2020,Florida,1414.0
08/01/2020,Florida,1514.0
08/08/2020,Florida,1399.0
08/15/2020,Florida,1180.0
08/22/2020,Florida,950.0
08/29/2020,Florida,802.0
09/05/2020,Florida,653.0
09/12/2020,Florida,518.0
09/19/2020,Florida,430.0
09/26/2020,Florida,416.0
10/03/2020,Florida,313.0
10/10/2020,Florida,329.0
10/17/2020,Florida,327.0
10/24/2020,Florida,283.0
10/31/2020,Florida,287.0
11/07/2020,Florida,212.0
11/14/2020,Florida,81.0
02/01/2020,Georgia,0.0
02/08/2020,Georgia,0.0
02/15/2020,Georgia,0.0
02/22/2020,Georgia,0.0
02/29/2020,Georgia,0.0
03/21/2020,Georgia,41.0
03/28/2020,Georgia,98.0
04/04/2020,Georgia,218.0
04/11/2020,Georgia,216.0
04/18/2020,Georgia,265.0
04/25/2020,Georgia,258.0
05/02/2020,Georgia,271.0
05/09/2020,Georgia,207.0
05/16/2020,Georgia,195.0
05/23/2020,Georgia,154.0
05/30/2020,Georgia,141.0
06/06/2020,Georgia,118.0
06/13/2020,Georgia,118.0
06/20/2020,Georgia,94.0
06/27/2020,Georgia,128.0
07/04/2020,Georgia,150.0
07/11/2020,Georgia,219.0
07/18/2020,Georgia,294.0
07/25/2020,Georgia,370.0
08/01/2020,Georgia,408.0
08/08/2020,Georgia,465.0
08/15/2020,Georgia,422.0
08/22/2020,Georgia,403.0
08/29/2020,Georgia,337.0
09/05/2020,Georgia,252.0
09/12/2020,Georgia,254.0
09/19/2020,Georgia,215.0
09/26/2020,Georgia,210.0
10/03/2020,Georgia,155.0
10/10/2020,Georgia,161.0
10/17/2020,Georgia,136.0
10/24/2020,Georgia,155.0
10/31/2020,Georgia,135.0
11/07/2020,Georgia,105.0
11/14/2020,Georgia,33.0
02/01/2020,Hawaii,0.0
02/08/2020,Hawaii,0.0
02/15/2020,Hawaii,0.0
02/22/2020,Hawaii,0.0
02/29/2020,Hawaii,0.0
03/07/2020,Hawaii,0.0
03/14/2020,Hawaii,0.0
03/21/2020,Hawaii,0.0
03/28/2020,Hawaii,0.0
05/09/2020,Hawaii,0.0
05/16/2020,Hawaii,0.0
05/23/2020,Hawaii,0.0
05/30/2020,Hawaii,0.0
06/06/2020,Hawaii,0.0
06/13/2020,Hawaii,0.0
06/20/2020,Hawaii,0.0
08/15/2020,Hawaii,13.0
08/22/2020,Hawaii,11.0
08/29/2020,Hawaii,32.0
09/05/2020,Hawaii,29.0
09/12/2020,Hawaii,33.0
09/19/2020,Hawaii,32.0
09/26/2020,Hawaii,26.0
10/03/2020,Hawaii,20.0
10/10/2020,Hawaii,19.0
10/17/2020,Hawaii,17.0
10/24/2020,Hawaii,14.0
10/31/2020,Hawaii,11.0
11/14/2020,Hawaii,0.0
02/01/2020,Idaho,0.0
02/08/2020,Idaho,0.0
02/15/2020,Idaho,0.0
02/22/2020,Idaho,0.0
02/29/2020,Idaho,0.0
03/07/2020,Idaho,0.0
03/14/2020,Idaho,0.0
03/21/2020,Idaho,0.0
04/11/2020,Idaho,22.0
04/18/2020,Idaho,12.0
04/25/2020,Idaho,12.0
06/20/2020,Idaho,0.0
07/11/2020,Idaho,15.0
07/18/2020,Idaho,26.0
07/25/2020,Idaho,45.0
08/01/2020,Idaho,49.0
08/08/2020,Idaho,40.0
08/15/2020,Idaho,32.0
08/22/2020,Idaho,57.0
08/29/2020,Idaho,28.0
09/05/2020,Idaho,38.0
09/12/2020,Idaho,25.0
09/19/2020,Idaho,19.0
09/26/2020,Idaho,25.0
10/03/2020,Idaho,29.0
10/10/2020,Idaho,25.0
10/17/2020,Idaho,37.0
10/24/2020,Idaho,41.0
10/31/2020,Idaho,66.0
11/07/2020,Idaho,51.0
02/01/2020,Illinois,0.0
02/08/2020,Illinois,0.0
02/15/2020,Illinois,0.0
02/22/2020,Illinois,0.0
02/29/2020,Illinois,0.0
03/07/2020,Illinois,0.0
03/21/2020,Illinois,14.0
03/28/2020,Illinois,73.0
04/04/2020,Illinois,296.0
04/11/2020,Illinois,469.0
04/18/2020,Illinois,588.0
04/25/2020,Illinois,676.0
05/02/2020,Illinois,741.0
05/09/2020,Illinois,788.0
05/16/2020,Illinois,696.0
05/23/2020,Illinois,574.0
05/30/2020,Illinois,470.0
06/06/2020,Illinois,428.0
06/13/2020,Illinois,318.0
06/20/2020,Illinois,269.0
06/27/2020,Illinois,150.0
07/04/2020,Illinois,146.0
07/11/2020,Illinois,110.0
07/18/2020,Illinois,89.0
07/25/2020,Illinois,81.0
08/01/2020,Illinois,89.0
08/08/2020,Illinois,98.0
08/15/2020,Illinois,100.0
08/22/2020,Illinois,96.0
08/29/2020,Illinois,128.0
09/05/2020,Illinois,119.0
09/12/2020,Illinois,119.0
09/19/2020,Illinois,128.0
09/26/2020,Illinois,137.0
10/03/2020,Illinois,144.0
10/10/2020,Illinois,184.0
10/17/2020,Illinois,220.0
10/24/2020,Illinois,250.0
10/31/2020,Illinois,310.0
11/07/2020,Illinois,436.0
11/14/2020,Illinois,194.0
02/01/2020,Indiana,0.0
02/08/2020,Indiana,0.0
02/15/2020,Indiana,0.0
02/22/2020,Indiana,0.0
02/29/2020,Indiana,0.0
03/07/2020,Indiana,0.0
03/14/2020,Indiana,0.0
03/21/2020,Indiana,15.0
03/28/2020,Indiana,51.0
04/04/2020,Indiana,158.0
04/11/2020,Indiana,235.0
04/18/2020,Indiana,273.0
04/25/2020,Indiana,307.0
05/02/2020,Indiana,293.0
05/09/2020,Indiana,263.0
05/16/2020,Indiana,255.0
05/23/2020,Indiana,197.0
05/30/2020,Indiana,146.0
06/06/2020,Indiana,139.0
06/13/2020,Indiana,126.0
06/20/2020,Indiana,111.0
06/27/2020,Indiana,76.0
07/04/2020,Indiana,63.0
07/11/2020,Indiana,81.0
07/18/2020,Indiana,64.0
07/25/2020,Indiana,77.0
08/01/2020,Indiana,79.0
08/08/2020,Indiana,77.0
08/15/2020,Indiana,98.0
08/22/2020,Indiana,97.0
08/29/2020,Indiana,77.0
09/05/2020,Indiana,74.0
09/12/2020,Indiana,88.0
09/19/2020,Indiana,96.0
09/26/2020,Indiana,97.0
10/03/2020,Indiana,138.0
10/10/2020,Indiana,138.0
10/17/2020,Indiana,193.0
10/24/2020,Indiana,191.0
10/31/2020,Indiana,227.0
11/07/2020,Indiana,183.0
11/14/2020,Indiana,37.0
02/01/2020,Iowa,0.0
02/08/2020,Iowa,0.0
02/15/2020,Iowa,0.0
02/22/2020,Iowa,0.0
02/29/2020,Iowa,0.0
03/07/2020,Iowa,0.0
03/14/2020,Iowa,0.0
03/21/2020,Iowa,0.0
04/04/2020,Iowa,17.0
04/11/2020,Iowa,22.0
04/18/2020,Iowa,36.0
04/25/2020,Iowa,52.0
05/02/2020,Iowa,69.0
05/09/2020,Iowa,92.0
05/16/2020,Iowa,103.0
05/23/2020,Iowa,101.0
05/30/2020,Iowa,91.0
06/06/2020,Iowa,70.0
06/13/2020,Iowa,40.0
06/20/2020,Iowa,32.0
06/27/2020,Iowa,20.0
07/04/2020,Iowa,20.0
07/11/2020,Iowa,26.0
07/18/2020,Iowa,41.0
07/25/2020,Iowa,45.0
08/01/2020,Iowa,51.0
08/08/2020,Iowa,54.0
08/15/2020,Iowa,57.0
08/22/2020,Iowa,63.0
08/29/2020,Iowa,77.0
09/05/2020,Iowa,59.0
09/12/2020,Iowa,61.0
09/19/2020,Iowa,46.0
09/26/2020,Iowa,57.0
10/03/2020,Iowa,83.0
10/10/2020,Iowa,98.0
10/17/2020,Iowa,112.0
10/24/2020,Iowa,125.0
10/31/2020,Iowa,121.0
11/07/2020,Iowa,184.0
11/14/2020,Iowa,86.0
02/01/2020,Kansas,0.0
02/08/2020,Kansas,0.0
02/15/2020,Kansas,0.0
02/22/2020,Kansas,0.0
02/29/2020,Kansas,0.0
03/07/2020,Kansas,0.0
04/04/2020,Kansas,21.0
04/11/2020,Kansas,36.0
04/18/2020,Kansas,42.0
04/25/2020,Kansas,22.0
05/02/2020,Kansas,25.0
05/09/2020,Kansas,34.0
05/16/2020,Kansas,27.0
05/30/2020,Kansas,14.0
06/06/2020,Kansas,18.0
06/20/2020,Kansas,20.0
06/27/2020,Kansas,17.0
07/04/2020,Kansas,12.0
07/11/2020,Kansas,16.0
07/18/2020,Kansas,24.0
07/25/2020,Kansas,35.0
08/01/2020,Kansas,40.0
08/08/2020,Kansas,37.0
08/15/2020,Kansas,40.0
08/22/2020,Kansas,39.0
08/29/2020,Kansas,49.0
09/05/2020,Kansas,38.0
09/12/2020,Kansas,56.0
09/19/2020,Kansas,49.0
09/26/2020,Kansas,56.0
10/03/2020,Kansas,68.0
10/10/2020,Kansas,82.0
10/17/2020,Kansas,96.0
10/24/2020,Kansas,116.0
10/31/2020,Kansas,83.0
11/07/2020,Kansas,112.0
11/14/2020,Kansas,45.0
02/01/2020,Kentucky,0.0
02/08/2020,Kentucky,0.0
02/15/2020,Kentucky,0.0
02/22/2020,Kentucky,0.0
02/29/2020,Kentucky,0.0
03/07/2020,Kentucky,0.0
03/14/2020,Kentucky,0.0
04/04/2020,Kentucky,47.0
04/11/2020,Kentucky,53.0
04/18/2020,Kentucky,59.0
04/25/2020,Kentucky,68.0
05/02/2020,Kentucky,48.0
05/09/2020,Kentucky,62.0
05/16/2020,Kentucky,51.0
05/23/2020,Kentucky,49.0
05/30/2020,Kentucky,44.0
06/06/2020,Kentucky,39.0
06/13/2020,Kentucky,43.0
06/20/2020,Kentucky,26.0
06/27/2020,Kentucky,37.0
07/04/2020,Kentucky,36.0
07/11/2020,Kentucky,36.0
07/18/2020,Kentucky,37.0
07/25/2020,Kentucky,47.0
08/01/2020,Kentucky,46.0
08/08/2020,Kentucky,53.0
08/15/2020,Kentucky,64.0
08/22/2020,Kentucky,77.0
08/29/2020,Kentucky,70.0
09/05/2020,Kentucky,84.0
09/12/2020,Kentucky,69.0
09/19/2020,Kentucky,58.0
09/26/2020,Kentucky,69.0
10/03/2020,Kentucky,57.0
10/10/2020,Kentucky,86.0
10/17/2020,Kentucky,87.0
10/24/2020,Kentucky,118.0
10/31/2020,Kentucky,80.0
11/07/2020,Kentucky,64.0
11/14/2020,Kentucky,15.0
02/01/2020,Louisiana,0.0
02/08/2020,Louisiana,0.0
02/15/2020,Louisiana,0.0
03/14/2020,Louisiana,0.0
03/21/2020,Louisiana,41.0
03/28/2020,Louisiana,190.0
04/04/2020,Louisiana,391.0
04/11/2020,Louisiana,455.0
04/18/2020,Louisiana,391.0
04/25/2020,Louisiana,336.0
05/02/2020,Louisiana,268.0
05/09/2020,Louisiana,241.0
05/16/2020,Louisiana,170.0
05/23/2020,Louisiana,131.0
05/30/2020,Louisiana,121.0
06/06/2020,Louisiana,103.0
06/13/2020,Louisiana,73.0
06/20/2020,Louisiana,86.0
06/27/2020,Louisiana,72.0
07/04/2020,Louisiana,86.0
07/11/2020,Louisiana,119.0
07/18/2020,Louisiana,156.0
07/25/2020,Louisiana,225.0
08/01/2020,Louisiana,237.0
08/08/2020,Louisiana,249.0
08/15/2020,Louisiana,202.0
08/22/2020,Louisiana,194.0
08/29/2020,Louisiana,160.0
09/05/2020,Louisiana,115.0
09/12/2020,Louisiana,114.0
09/19/2020,Louisiana,90.0
09/26/2020,Louisiana,74.0
10/03/2020,Louisiana,72.0
10/10/2020,Louisiana,77.0
10/17/2020,Louisiana,69.0
10/24/2020,Louisiana,50.0
10/31/2020,Louisiana,52.0
11/07/2020,Louisiana,32.0
02/01/2020,Maine,0.0
02/08/2020,Maine,0.0
02/15/2020,Maine,0.0
02/22/2020,Maine,0.0
02/29/2020,Maine,0.0
03/07/2020,Maine,0.0
03/14/2020,Maine,0.0
03/21/2020,Maine,0.0
04/11/2020,Maine,12.0
04/18/2020,Maine,11.0
04/25/2020,Maine,18.0
05/16/2020,Maine,10.0
05/30/2020,Maine,13.0
02/01/2020,Maryland,0.0
02/08/2020,Maryland,0.0
02/15/2020,Maryland,0.0
02/22/2020,Maryland,0.0
02/29/2020,Maryland,0.0
03/07/2020,Maryland,0.0
03/14/2020,Maryland,0.0
03/28/2020,Maryland,18.0
04/04/2020,Maryland,86.0
04/11/2020,Maryland,212.0
04/18/2020,Maryland,298.0
04/25/2020,Maryland,392.0
05/02/2020,Maryland,426.0
05/09/2020,Maryland,414.0
05/16/2020,Maryland,389.0
05/23/2020,Maryland,296.0
05/30/2020,Maryland,289.0
06/06/2020,Maryland,233.0
06/13/2020,Maryland,191.0
06/20/2020,Maryland,134.0
06/27/2020,Maryland,115.0
07/04/2020,Maryland,92.0
07/11/2020,Maryland,74.0
07/18/2020,Maryland,62.0
07/25/2020,Maryland,66.0
08/01/2020,Maryland,79.0
08/08/2020,Maryland,72.0
08/15/2020,Maryland,60.0
08/22/2020,Maryland,59.0
08/29/2020,Maryland,56.0
09/05/2020,Maryland,55.0
09/12/2020,Maryland,38.0
09/19/2020,Maryland,49.0
09/26/2020,Maryland,49.0
10/03/2020,Maryland,41.0
10/10/2020,Maryland,51.0
10/17/2020,Maryland,41.0
10/24/2020,Maryland,62.0
10/31/2020,Maryland,62.0
11/07/2020,Maryland,64.0
11/14/2020,Maryland,23.0
02/01/2020,Massachusetts,0.0
02/08/2020,Massachusetts,0.0
02/15/2020,Massachusetts,0.0
02/29/2020,Massachusetts,0.0
03/14/2020,Massachusetts,0.0
03/28/2020,Massachusetts,48.0
04/04/2020,Massachusetts,229.0
04/11/2020,Massachusetts,641.0
04/18/2020,Massachusetts,1106.0
04/25/2020,Massachusetts,1235.0
05/02/2020,Massachusetts,1121.0
05/09/2020,Massachusetts,940.0
05/16/2020,Massachusetts,788.0
05/23/2020,Massachusetts,530.0
05/30/2020,Massachusetts,390.0
06/06/2020,Massachusetts,244.0
06/13/2020,Massachusetts,181.0
06/20/2020,Massachusetts,131.0
06/27/2020,Massachusetts,95.0
07/04/2020,Massachusetts,67.0
07/11/2020,Massachusetts,58.0
07/18/2020,Massachusetts,35.0
07/25/2020,Massachusetts,36.0
08/01/2020,Massachusetts,32.0
08/08/2020,Massachusetts,28.0
08/15/2020,Massachusetts,21.0
08/22/2020,Massachusetts,33.0
08/29/2020,Massachusetts,23.0
09/05/2020,Massachusetts,18.0
09/12/2020,Massachusetts,22.0
09/19/2020,Massachusetts,27.0
09/26/2020,Massachusetts,22.0
10/03/2020,Massachusetts,26.0
10/10/2020,Massachusetts,28.0
10/17/2020,Massachusetts,42.0
10/24/2020,Massachusetts,56.0
10/31/2020,Massachusetts,53.0
11/07/2020,Massachusetts,64.0
11/14/2020,Massachusetts,40.0
02/01/2020,Michigan,0.0
02/08/2020,Michigan,0.0
02/15/2020,Michigan,0.0
02/22/2020,Michigan,0.0
03/07/2020,Michigan,0.0
03/21/2020,Michigan,21.0
03/28/2020,Michigan,231.0
04/04/2020,Michigan,679.0
04/11/2020,Michigan,969.0
04/18/2020,Michigan,972.0
04/25/2020,Michigan,774.0
05/02/2020,Michigan,593.0
05/09/2020,Michigan,448.0
05/16/2020,Michigan,289.0
05/23/2020,Michigan,230.0
05/30/2020,Michigan,171.0
06/06/2020,Michigan,115.0
06/13/2020,Michigan,77.0
06/20/2020,Michigan,58.0
06/27/2020,Michigan,46.0
07/04/2020,Michigan,41.0
07/11/2020,Michigan,42.0
07/18/2020,Michigan,35.0
07/25/2020,Michigan,37.0
08/01/2020,Michigan,55.0
08/08/2020,Michigan,45.0
08/15/2020,Michigan,59.0
08/22/2020,Michigan,58.0
08/29/2020,Michigan,61.0
09/05/2020,Michigan,54.0
09/12/2020,Michigan,40.0
09/19/2020,Michigan,56.0
09/26/2020,Michigan,51.0
10/03/2020,Michigan,77.0
10/10/2020,Michigan,84.0
10/17/2020,Michigan,124.0
10/24/2020,Michigan,154.0
10/31/2020,Michigan,152.0
11/07/2020,Michigan,193.0
11/14/2020,Michigan,33.0
02/01/2020,Minnesota,0.0
02/08/2020,Minnesota,0.0
02/15/2020,Minnesota,0.0
02/22/2020,Minnesota,0.0
02/29/2020,Minnesota,0.0
03/07/2020,Minnesota,0.0
03/14/2020,Minnesota,0.0
03/28/2020,Minnesota,11.0
04/04/2020,Minnesota,25.0
04/11/2020,Minnesota,45.0
04/18/2020,Minnesota,79.0
04/25/2020,Minnesota,147.0
05/02/2020,Minnesota,155.0
05/09/2020,Minnesota,167.0
05/16/2020,Minnesota,142.0
05/23/2020,Minnesota,164.0
05/30/2020,Minnesota,156.0
06/06/2020,Minnesota,151.0
06/13/2020,Minnesota,90.0
06/20/2020,Minnesota,68.0
06/27/2020,Minnesota,54.0
07/04/2020,Minnesota,44.0
07/11/2020,Minnesota,32.0
07/18/2020,Minnesota,38.0
07/25/2020,Minnesota,34.0
08/01/2020,Minnesota,36.0
08/08/2020,Minnesota,46.0
08/15/2020,Minnesota,47.0
08/22/2020,Minnesota,57.0
08/29/2020,Minnesota,39.0
09/05/2020,Minnesota,51.0
09/12/2020,Minnesota,56.0
09/19/2020,Minnesota,47.0
09/26/2020,Minnesota,57.0
10/03/2020,Minnesota,68.0
10/10/2020,Minnesota,82.0
10/17/2020,Minnesota,98.0
10/24/2020,Minnesota,119.0
10/31/2020,Minnesota,144.0
11/07/2020,Minnesota,188.0
11/14/2020,Minnesota,106.0
02/01/2020,Mississippi,0.0
02/08/2020,Mississippi,0.0
02/15/2020,Mississippi,0.0
02/22/2020,Mississippi,0.0
02/29/2020,Mississippi,0.0
03/07/2020,Mississippi,0.0
03/14/2020,Mississippi,0.0
03/28/2020,Mississippi,15.0
04/04/2020,Mississippi,53.0
04/11/2020,Mississippi,65.0
04/18/2020,Mississippi,66.0
04/25/2020,Mississippi,67.0
05/02/2020,Mississippi,100.0
05/09/2020,Mississippi,86.0
05/16/2020,Mississippi,108.0
05/23/2020,Mississippi,101.0
05/30/2020,Mississippi,107.0
06/06/2020,Mississippi,89.0
06/13/2020,Mississippi,69.0
06/20/2020,Mississippi,75.0
06/27/2020,Mississippi,68.0
07/04/2020,Mississippi,91.0
07/11/2020,Mississippi,119.0
07/18/2020,Mississippi,128.0
07/25/2020,Mississippi,162.0
08/01/2020,Mississippi,227.0
08/08/2020,Mississippi,199.0
08/15/2020,Mississippi,192.0
08/22/2020,Mississippi,187.0
08/29/2020,Mississippi,155.0
09/05/2020,Mississippi,113.0
09/12/2020,Mississippi,108.0
09/19/2020,Mississippi,104.0
09/26/2020,Mississippi,100.0
10/03/2020,Mississippi,84.0
10/10/2020,Mississippi,68.0
10/17/2020,Mississippi,69.0
10/24/2020,Mississippi,80.0
10/31/2020,Mississippi,76.0
11/07/2020,Mississippi,65.0
11/14/2020,Mississippi,27.0
02/01/2020,Missouri,0.0
02/08/2020,Missouri,0.0
02/15/2020,Missouri,0.0
02/22/2020,Missouri,0.0
02/29/2020,Missouri,0.0
03/07/2020,Missouri,0.0
03/14/2020,Missouri,0.0
03/28/2020,Missouri,18.0
04/04/2020,Missouri,55.0
04/11/2020,Missouri,97.0
04/18/2020,Missouri,93.0
04/25/2020,Missouri,132.0
05/02/2020,Missouri,119.0
05/09/2020,Missouri,120.0
05/16/2020,Missouri,92.0
05/23/2020,Missouri,78.0
05/30/2020,Missouri,59.0
06/06/2020,Missouri,50.0
06/13/2020,Missouri,45.0
06/20/2020,Missouri,43.0
06/27/2020,Missouri,43.0
07/04/2020,Missouri,39.0
07/11/2020,Missouri,38.0
07/18/2020,Missouri,45.0
07/25/2020,Missouri,85.0
08/01/2020,Missouri,78.0
08/08/2020,Missouri,98.0
08/15/2020,Missouri,103.0
08/22/2020,Missouri,98.0
08/29/2020,Missouri,124.0
09/05/2020,Missouri,110.0
09/12/2020,Missouri,148.0
09/19/2020,Missouri,128.0
09/26/2020,Missouri,183.0
10/03/2020,Missouri,229.0
10/10/2020,Missouri,212.0
10/17/2020,Missouri,197.0
10/24/2020,Missouri,223.0
10/31/2020,Missouri,227.0
11/07/2020,Missouri,148.0
11/14/2020,Missouri,41.0
02/01/2020,Montana,0.0
02/08/2020,Montana,0.0
02/15/2020,Montana,0.0
02/22/2020,Montana,0.0
02/29/2020,Montana,0.0
03/07/2020,Montana,0.0
03/14/2020,Montana,0.0
03/21/2020,Montana,0.0
04/11/2020,Montana,0.0
05/09/2020,Montana,0.0
05/16/2020,Montana,0.0
05/23/2020,Montana,0.0
07/25/2020,Montana,12.0
08/01/2020,Montana,16.0
08/08/2020,Montana,15.0
08/22/2020,Montana,11.0
08/29/2020,Montana,12.0
09/05/2020,Montana,18.0
09/12/2020,Montana,25.0
09/19/2020,Montana,15.0
09/26/2020,Montana,20.0
10/03/2020,Montana,29.0
10/10/2020,Montana,42.0
10/17/2020,Montana,43.0
10/24/2020,Montana,66.0
10/31/2020,Montana,74.0
11/07/2020,Montana,52.0
11/14/2020,Montana,15.0
02/01/2020,Nebraska,0.0
02/08/2020,Nebraska,0.0
02/15/2020,Nebraska,0.0
02/22/2020,Nebraska,0.0
02/29/2020,Nebraska,0.0
03/07/2020,Nebraska,0.0
03/14/2020,Nebraska,0.0
03/21/2020,Nebraska,0.0
04/11/2020,Nebraska,11.0
04/18/2020,Nebraska,16.0
04/25/2020,Nebraska,30.0
05/02/2020,Nebraska,20.0
05/09/2020,Nebraska,21.0
05/16/2020,Nebraska,30.0
05/23/2020,Nebraska,32.0
05/30/2020,Nebraska,22.0
06/06/2020,Nebraska,19.0
06/13/2020,Nebraska,27.0
06/20/2020,Nebraska,24.0
06/27/2020,Nebraska,18.0
07/04/2020,Nebraska,12.0
07/11/2020,Nebraska,10.0
07/25/2020,Nebraska,14.0
08/01/2020,Nebraska,13.0
08/08/2020,Nebraska,23.0
08/15/2020,Nebraska,23.0
08/22/2020,Nebraska,27.0
08/29/2020,Nebraska,13.0
09/05/2020,Nebraska,34.0
09/12/2020,Nebraska,24.0
09/19/2020,Nebraska,23.0
09/26/2020,Nebraska,25.0
10/03/2020,Nebraska,41.0
10/10/2020,Nebraska,52.0
10/17/2020,Nebraska,51.0
10/24/2020,Nebraska,68.0
10/31/2020,Nebraska,67.0
11/07/2020,Nebraska,79.0
11/14/2020,Nebraska,23.0
02/01/2020,Nevada,0.0
02/08/2020,Nevada,0.0
02/15/2020,Nevada,0.0
02/22/2020,Nevada,0.0
02/29/2020,Nevada,0.0
03/07/2020,Nevada,0.0
03/14/2020,Nevada,0.0
03/28/2020,Nevada,19.0
04/04/2020,Nevada,43.0
04/11/2020,Nevada,55.0
04/18/2020,Nevada,43.0
04/25/2020,Nevada,62.0
05/02/2020,Nevada,48.0
05/09/2020,Nevada,51.0
05/16/2020,Nevada,34.0
05/23/2020,Nevada,36.0
05/30/2020,Nevada,29.0
06/06/2020,Nevada,21.0
06/13/2020,Nevada,17.0
06/20/2020,Nevada,20.0
06/27/2020,Nevada,23.0
07/04/2020,Nevada,43.0
07/11/2020,Nevada,67.0
07/18/2020,Nevada,87.0
07/25/2020,Nevada,94.0
08/01/2020,Nevada,107.0
08/08/2020,Nevada,131.0
08/15/2020,Nevada,115.0
08/22/2020,Nevada,100.0
08/29/2020,Nevada,78.0
09/05/2020,Nevada,74.0
09/12/2020,Nevada,61.0
09/19/2020,Nevada,51.0
09/26/2020,Nevada,40.0
10/03/2020,Nevada,37.0
10/10/2020,Nevada,40.0
10/17/2020,Nevada,29.0
10/24/2020,Nevada,33.0
10/31/2020,Nevada,38.0
11/07/2020,Nevada,35.0
11/14/2020,Nevada,16.0
02/01/2020,New Hampshire,0.0
02/08/2020,New Hampshire,0.0
02/15/2020,New Hampshire,0.0
02/22/2020,New Hampshire,0.0
02/29/2020,New Hampshire,0.0
03/07/2020,New Hampshire,0.0
03/14/2020,New Hampshire,0.0
03/21/2020,New Hampshire,0.0
04/04/2020,New Hampshire,12.0
04/11/2020,New Hampshire,17.0
04/18/2020,New Hampshire,16.0
04/25/2020,New Hampshire,19.0
05/02/2020,New Hampshire,38.0
05/09/2020,New Hampshire,43.0
05/16/2020,New Hampshire,40.0
05/23/2020,New Hampshire,35.0
05/30/2020,New Hampshire,39.0
06/06/2020,New Hampshire,33.0
06/13/2020,New Hampshire,31.0
06/20/2020,New Hampshire,13.0
06/27/2020,New Hampshire,24.0
07/04/2020,New Hampshire,14.0
10/10/2020,New Hampshire,16.0
10/24/2020,New Hampshire,11.0
02/01/2020,New Jersey,0.0
02/08/2020,New Jersey,0.0
02/15/2020,New Jersey,0.0
02/22/2020,New Jersey,0.0
02/29/2020,New Jersey,0.0
03/07/2020,New Jersey,0.0
03/21/2020,New Jersey,37.0
03/28/2020,New Jersey,292.0
04/04/2020,New Jersey,1234.0
04/11/2020,New Jersey,2358.0
04/18/2020,New Jersey,2488.0
04/25/2020,New Jersey,2041.0
05/02/2020,New Jersey,1552.0
05/09/2020,New Jersey,1121.0
05/16/2020,New Jersey,826.0
05/23/2020,New Jersey,555.0
05/30/2020,New Jersey,395.0
06/06/2020,New Jersey,313.0
06/13/2020,New Jersey,220.0
06/20/2020,New Jersey,162.0
06/27/2020,New Jersey,139.0
07/04/2020,New Jersey,102.0
07/11/2020,New Jersey,85.0
07/18/2020,New Jersey,61.0
07/25/2020,New Jersey,63.0
08/01/2020,New Jersey,60.0
08/08/2020,New Jersey,36.0
08/15/2020,New Jersey,44.0
08/22/2020,New Jersey,35.0
08/29/2020,New Jersey,33.0
09/05/2020,New Jersey,32.0
09/12/2020,New Jersey,35.0
09/19/2020,New Jersey,35.0
09/26/2020,New Jersey,31.0
10/03/2020,New Jersey,33.0
10/10/2020,New Jersey,53.0
10/17/2020,New Jersey,55.0
10/24/2020,New Jersey,67.0
10/31/2020,New Jersey,79.0
11/07/2020,New Jersey,58.0
11/14/2020,New Jersey,25.0
02/01/2020,New Mexico,0.0
02/08/2020,New Mexico,0.0
02/15/2020,New Mexico,0.0
02/22/2020,New Mexico,0.0
02/29/2020,New Mexico,0.0
03/07/2020,New Mexico,0.0
03/14/2020,New Mexico,0.0
03/21/2020,New Mexico,0.0
04/11/2020,New Mexico,22.0
04/18/2020,New Mexico,34.0
04/25/2020,New Mexico,47.0
05/02/2020,New Mexico,75.0
05/09/2020,New Mexico,69.0
05/16/2020,New Mexico,64.0
05/23/2020,New Mexico,42.0
05/30/2020,New Mexico,51.0
06/06/2020,New Mexico,36.0
06/13/2020,New Mexico,36.0
06/20/2020,New Mexico,28.0
06/27/2020,New Mexico,21.0
07/04/2020,New Mexico,27.0
07/11/2020,New Mexico,29.0
07/18/2020,New Mexico,31.0
07/25/2020,New Mexico,46.0
08/01/2020,New Mexico,40.0
08/08/2020,New Mexico,28.0
08/15/2020,New Mexico,20.0
08/22/2020,New Mexico,20.0
08/29/2020,New Mexico,18.0
09/05/2020,New Mexico,11.0
09/19/2020,New Mexico,10.0
09/26/2020,New Mexico,10.0
10/03/2020,New Mexico,12.0
10/10/2020,New Mexico,13.0
10/17/2020,New Mexico,17.0
10/24/2020,New Mexico,33.0
10/31/2020,New Mexico,59.0
11/07/2020,New Mexico,69.0
11/14/2020,New Mexico,34.0
02/01/2020,New York,0.0
02/08/2020,New York,0.0
02/15/2020,New York,0.0
02/29/2020,New York,0.0
03/07/2020,New York,0.0
03/21/2020,New York,41.0
03/28/2020,New York,294.0
04/04/2020,New York,1124.0
04/11/2020,New York,2004.0
04/18/2020,New York,2008.0
04/25/2020,New York,1593.0
05/02/2020,New York,1134.0
05/09/2020,New York,879.0
05/16/2020,New York,669.0
05/23/2020,New York,454.0
05/30/2020,New York,330.0
06/06/2020,New York,263.0
06/13/2020,New York,181.0
06/20/2020,New York,128.0
06/27/2020,New York,76.0
07/04/2020,New York,61.0
07/11/2020,New York,64.0
07/18/2020,New York,58.0
07/25/2020,New York,44.0
08/01/2020,New York,39.0
08/08/2020,New York,31.0
08/15/2020,New York,39.0
08/22/2020,New York,33.0
08/29/2020,New York,23.0
09/05/2020,New York,29.0
09/12/2020,New York,25.0
09/19/2020,New York,22.0
09/26/2020,New York,21.0
10/03/2020,New York,49.0
10/10/2020,New York,49.0
10/17/2020,New York,58.0
10/24/2020,New York,68.0
10/31/2020,New York,88.0
11/07/2020,New York,91.0
11/14/2020,New York,120.0
02/01/2020,New York City,0.0
02/08/2020,New York City,0.0
02/15/2020,New York City,0.0
02/22/2020,New York City,0.0
02/29/2020,New York City,0.0
03/21/2020,New York City,125.0
03/28/2020,New York City,977.0
04/04/2020,New York City,3307.0
04/11/2020,New York City,4850.0
04/18/2020,New York City,3905.0
04/25/2020,New York City,2621.0
05/02/2020,New York City,1723.0
05/09/2020,New York City,1050.0
05/16/2020,New York City,616.0
05/23/2020,New York City,415.0
05/30/2020,New York City,280.0
06/06/2020,New York City,196.0
06/13/2020,New York City,139.0
06/20/2020,New York City,89.0
06/27/2020,New York City,72.0
07/04/2020,New York City,49.0
07/11/2020,New York City,43.0
07/18/2020,New York City,50.0
07/25/2020,New York City,44.0
08/01/2020,New York City,34.0
08/08/2020,New York City,23.0
08/15/2020,New York City,29.0
08/22/2020,New York City,20.0
08/29/2020,New York City,19.0
09/05/2020,New York City,23.0
09/12/2020,New York City,17.0
09/19/2020,New York City,26.0
09/26/2020,New York City,20.0
10/03/2020,New York City,34.0
10/10/2020,New York City,24.0
10/17/2020,New York City,40.0
10/24/2020,New York City,28.0
10/31/2020,New York City,41.0
11/07/2020,New York City,64.0
11/14/2020,New York City,35.0
02/01/2020,North Carolina,0.0
02/08/2020,North Carolina,0.0
02/15/2020,North Carolina,0.0
02/22/2020,North Carolina,0.0
02/29/2020,North Carolina,0.0
03/14/2020,North Carolina,0.0
03/28/2020,North Carolina,12.0
04/04/2020,North Carolina,44.0
04/11/2020,North Carolina,61.0
04/18/2020,North Carolina,138.0
04/25/2020,North Carolina,120.0
05/02/2020,North Carolina,119.0
05/09/2020,North Carolina,118.0
05/16/2020,North Carolina,103.0
05/23/2020,North Carolina,106.0
05/30/2020,North Carolina,160.0
06/06/2020,North Carolina,127.0
06/13/2020,North Carolina,113.0
06/20/2020,North Carolina,101.0
06/27/2020,North Carolina,103.0
07/04/2020,North Carolina,101.0
07/11/2020,North Carolina,129.0
07/18/2020,North Carolina,151.0
07/25/2020,North Carolina,181.0
08/01/2020,North Carolina,203.0
08/08/2020,North Carolina,184.0
08/15/2020,North Carolina,191.0
08/22/2020,North Carolina,176.0
08/29/2020,North Carolina,121.0
09/05/2020,North Carolina,69.0
09/12/2020,North Carolina,35.0
09/19/2020,North Carolina,17.0
10/03/2020,North Carolina,0.0
10/10/2020,North Carolina,0.0
10/17/2020,North Carolina,0.0
10/24/2020,North Carolina,0.0
10/31/2020,North Carolina,0.0
11/07/2020,North Carolina,0.0
11/14/2020,North Carolina,0.0
02/01/2020,North Dakota,0.0
02/08/2020,North Dakota,0.0
02/15/2020,North Dakota,0.0
02/22/2020,North Dakota,0.0
02/29/2020,North Dakota,0.0
03/07/2020,North Dakota,0.0
03/14/2020,North Dakota,0.0
03/21/2020,North Dakota,0.0
04/25/2020,North Dakota,11.0
05/09/2020,North Dakota,11.0
05/16/2020,North Dakota,14.0
05/23/2020,North Dakota,10.0
05/30/2020,North Dakota,14.0
07/25/2020,North Dakota,10.0
08/15/2020,North Dakota,14.0
09/05/2020,North Dakota,14.0
09/12/2020,North Dakota,12.0
09/19/2020,North Dakota,17.0
09/26/2020,North Dakota,46.0
10/03/2020,North Dakota,58.0
10/10/2020,North Dakota,69.0
10/17/2020,North Dakota,53.0
10/24/2020,North Dakota,46.0
10/31/2020,North Dakota,57.0
11/07/2020,North Dakota,49.0
11/14/2020,North Dakota,19.0
02/01/2020,Ohio,0.0
02/08/2020,Ohio,0.0
02/15/2020,Ohio,0.0
02/22/2020,Ohio,0.0
02/29/2020,Ohio,0.0
03/07/2020,Ohio,0.0
03/28/2020,Ohio,44.0
04/04/2020,Ohio,117.0
04/11/2020,Ohio,177.0
04/18/2020,Ohio,270.0
04/25/2020,Ohio,285.0
05/02/2020,Ohio,322.0
05/09/2020,Ohio,289.0
05/16/2020,Ohio,257.0
05/23/2020,Ohio,267.0
05/30/2020,Ohio,180.0
06/06/2020,Ohio,185.0
06/13/2020,Ohio,130.0
06/20/2020,Ohio,108.0
06/27/2020,Ohio,104.0
07/04/2020,Ohio,103.0
07/11/2020,Ohio,127.0
07/18/2020,Ohio,122.0
07/25/2020,Ohio,181.0
08/01/2020,Ohio,182.0
08/08/2020,Ohio,160.0
08/15/2020,Ohio,184.0
08/22/2020,Ohio,177.0
08/29/2020,Ohio,180.0
09/05/2020,Ohio,163.0
09/12/2020,Ohio,152.0
09/19/2020,Ohio,123.0
09/26/2020,Ohio,139.0
10/03/2020,Ohio,133.0
10/10/2020,Ohio,155.0
10/17/2020,Ohio,176.0
10/24/2020,Ohio,182.0
10/31/2020,Ohio,192.0
11/07/2020,Ohio,151.0
11/14/2020,Ohio,55.0
02/01/2020,Oklahoma,0.0
02/08/2020,Oklahoma,0.0
02/15/2020,Oklahoma,0.0
02/22/2020,Oklahoma,0.0
02/29/2020,Oklahoma,0.0
03/14/2020,Oklahoma,0.0
03/28/2020,Oklahoma,18.0
04/04/2020,Oklahoma,42.0
04/11/2020,Oklahoma,52.0
04/18/2020,Oklahoma,48.0
04/25/2020,Oklahoma,47.0
05/02/2020,Oklahoma,46.0
05/09/2020,Oklahoma,28.0
05/16/2020,Oklahoma,20.0
05/23/2020,Oklahoma,23.0
05/30/2020,Oklahoma,25.0
06/06/2020,Oklahoma,14.0
06/13/2020,Oklahoma,15.0
06/20/2020,Oklahoma,18.0
06/27/2020,Oklahoma,18.0
07/04/2020,Oklahoma,23.0
07/11/2020,Oklahoma,37.0
07/18/2020,Oklahoma,48.0
07/25/2020,Oklahoma,67.0
08/01/2020,Oklahoma,74.0
08/08/2020,Oklahoma,73.0
08/15/2020,Oklahoma,90.0
08/22/2020,Oklahoma,72.0
08/29/2020,Oklahoma,78.0
09/05/2020,Oklahoma,75.0
09/12/2020,Oklahoma,75.0
09/19/2020,Oklahoma,73.0
09/26/2020,Oklahoma,85.0
10/03/2020,Oklahoma,82.0
10/10/2020,Oklahoma,106.0
10/17/2020,Oklahoma,95.0
10/24/2020,Oklahoma,138.0
10/31/2020,Oklahoma,112.0
11/07/2020,Oklahoma,96.0
11/14/2020,Oklahoma,22.0
02/01/2020,Oregon,0.0
02/08/2020,Oregon,0.0
02/15/2020,Oregon,0.0
02/22/2020,Oregon,0.0
02/29/2020,Oregon,0.0
03/07/2020,Oregon,0.0
03/28/2020,Oregon,14.0
04/04/2020,Oregon,24.0
04/11/2020,Oregon,25.0
04/18/2020,Oregon,25.0
04/25/2020,Oregon,30.0
05/02/2020,Oregon,15.0
05/09/2020,Oregon,19.0
05/16/2020,Oregon,14.0
05/30/2020,Oregon,11.0
06/13/2020,Oregon,15.0
06/20/2020,Oregon,12.0
06/27/2020,Oregon,15.0
07/04/2020,Oregon,20.0
07/11/2020,Oregon,14.0
07/18/2020,Oregon,28.0
07/25/2020,Oregon,26.0
08/01/2020,Oregon,32.0
08/08/2020,Oregon,31.0
08/15/2020,Oregon,32.0
08/22/2020,Oregon,24.0
08/29/2020,Oregon,33.0
09/05/2020,Oregon,20.0
09/12/2020,Oregon,23.0
09/19/2020,Oregon,16.0
09/26/2020,Oregon,17.0
10/03/2020,Oregon,21.0
10/10/2020,Oregon,22.0
10/17/2020,Oregon,32.0
10/24/2020,Oregon,25.0
10/31/2020,Oregon,17.0
11/07/2020,Oregon,17.0
11/14/2020,Oregon,10.0
02/01/2020,Pennsylvania,0.0
02/08/2020,Pennsylvania,0.0
02/15/2020,Pennsylvania,0.0
02/22/2020,Pennsylvania,0.0
03/07/2020,Pennsylvania,0.0
03/14/2020,Pennsylvania,0.0
03/28/2020,Pennsylvania,52.0
04/04/2020,Pennsylvania,211.0
04/11/2020,Pennsylvania,638.0
04/18/2020,Pennsylvania,914.0
04/25/2020,Pennsylvania,1073.0
05/02/2020,Pennsylvania,944.0
05/09/2020,Pennsylvania,849.0
05/16/2020,Pennsylvania,712.0
05/23/2020,Pennsylvania,510.0
05/30/2020,Pennsylvania,358.0
06/06/2020,Pennsylvania,273.0
06/13/2020,Pennsylvania,206.0
06/20/2020,Pennsylvania,183.0
06/27/2020,Pennsylvania,146.0
07/04/2020,Pennsylvania,136.0
07/11/2020,Pennsylvania,126.0
07/18/2020,Pennsylvania,109.0
07/25/2020,Pennsylvania,95.0
08/01/2020,Pennsylvania,103.0
08/08/2020,Pennsylvania,135.0
08/15/2020,Pennsylvania,123.0
08/22/2020,Pennsylvania,98.0
08/29/2020,Pennsylvania,103.0
09/05/2020,Pennsylvania,83.0
09/12/2020,Pennsylvania,98.0
09/19/2020,Pennsylvania,92.0
09/26/2020,Pennsylvania,94.0
10/03/2020,Pennsylvania,123.0
10/10/2020,Pennsylvania,146.0
10/17/2020,Pennsylvania,152.0
10/24/2020,Pennsylvania,169.0
10/31/2020,Pennsylvania,178.0
11/07/2020,Pennsylvania,226.0
11/14/2020,Pennsylvania,85.0
02/01/2020,Rhode Island,0.0
02/08/2020,Rhode Island,0.0
02/15/2020,Rhode Island,0.0
02/22/2020,Rhode Island,0.0
02/29/2020,Rhode Island,0.0
03/07/2020,Rhode Island,0.0
03/14/2020,Rhode Island,0.0
03/21/2020,Rhode Island,0.0
04/04/2020,Rhode Island,22.0
04/11/2020,Rhode Island,51.0
04/18/2020,Rhode Island,94.0
04/25/2020,Rhode Island,104.0
05/02/2020,Rhode Island,124.0
05/09/2020,Rhode Island,134.0
05/16/2020,Rhode Island,114.0
05/23/2020,Rhode Island,104.0
05/30/2020,Rhode Island,71.0
06/06/2020,Rhode Island,56.0
06/13/2020,Rhode Island,27.0
06/20/2020,Rhode Island,33.0
06/27/2020,Rhode Island,24.0
07/04/2020,Rhode Island,19.0
07/11/2020,Rhode Island,12.0
08/22/2020,Rhode Island,16.0
09/19/2020,Rhode Island,15.0
09/26/2020,Rhode Island,11.0
10/03/2020,Rhode Island,10.0
10/10/2020,Rhode Island,19.0
10/17/2020,Rhode Island,25.0
10/24/2020,Rhode Island,17.0
10/31/2020,Rhode Island,11.0
11/14/2020,Rhode Island,0.0
02/01/2020,South Carolina,0.0
02/08/2020,South Carolina,0.0
02/15/2020,South Carolina,0.0
02/22/2020,South Carolina,0.0
02/29/2020,South Carolina,0.0
03/07/2020,South Carolina,0.0
03/14/2020,South Carolina,0.0
03/28/2020,South Carolina,19.0
04/04/2020,South Carolina,36.0
04/11/2020,South Carolina,57.0
04/18/2020,South Carolina,47.0
04/25/2020,South Carolina,61.0
05/02/2020,South Carolina,63.0
05/09/2020,South Carolina,72.0
05/16/2020,South Carolina,67.0
05/23/2020,South Carolina,59.0
05/30/2020,South Carolina,65.0
06/06/2020,South Carolina,64.0
06/13/2020,South Carolina,48.0
06/20/2020,South Carolina,57.0
06/27/2020,South Carolina,84.0
07/04/2020,South Carolina,129.0
07/11/2020,South Carolina,145.0
07/18/2020,South Carolina,227.0
07/25/2020,South Carolina,320.0
08/01/2020,South Carolina,285.0
08/08/2020,South Carolina,266.0
08/15/2020,South Carolina,239.0
08/22/2020,South Carolina,206.0
08/29/2020,South Carolina,200.0
09/05/2020,South Carolina,180.0
09/12/2020,South Carolina,142.0
09/19/2020,South Carolina,132.0
09/26/2020,South Carolina,121.0
10/03/2020,South Carolina,105.0
10/10/2020,South Carolina,89.0
10/17/2020,South Carolina,114.0
10/24/2020,South Carolina,117.0
10/31/2020,South Carolina,110.0
11/07/2020,South Carolina,46.0
02/01/2020,South Dakota,0.0
02/08/2020,South Dakota,0.0
02/15/2020,South Dakota,0.0
02/22/2020,South Dakota,0.0
02/29/2020,South Dakota,0.0
03/07/2020,South Dakota,0.0
03/21/2020,South Dakota,0.0
05/02/2020,South Dakota,16.0
05/09/2020,South Dakota,15.0
05/30/2020,South Dakota,10.0
06/13/2020,South Dakota,11.0
06/20/2020,South Dakota,12.0
06/27/2020,South Dakota,10.0
07/11/2020,South Dakota,14.0
07/25/2020,South Dakota,15.0
08/15/2020,South Dakota,11.0
08/22/2020,South Dakota,10.0
08/29/2020,South Dakota,13.0
09/05/2020,South Dakota,18.0
09/12/2020,South Dakota,20.0
09/19/2020,South Dakota,24.0
09/26/2020,South Dakota,35.0
10/03/2020,South Dakota,40.0
10/10/2020,South Dakota,43.0
10/17/2020,South Dakota,48.0
10/24/2020,South Dakota,44.0
10/31/2020,South Dakota,24.0
11/07/2020,South Dakota,12.0
02/01/2020,Tennessee,0.0
02/08/2020,Tennessee,0.0
02/15/2020,Tennessee,0.0
02/22/2020,Tennessee,0.0
02/29/2020,Tennessee,0.0
03/07/2020,Tennessee,0.0
03/14/2020,Tennessee,0.0
03/28/2020,Tennessee,11.0
04/04/2020,Tennessee,55.0
04/11/2020,Tennessee,53.0
04/18/2020,Tennessee,43.0
04/25/2020,Tennessee,31.0
05/02/2020,Tennessee,35.0
05/09/2020,Tennessee,48.0
05/16/2020,Tennessee,57.0
05/23/2020,Tennessee,32.0
05/30/2020,Tennessee,46.0
06/06/2020,Tennessee,37.0
06/13/2020,Tennessee,36.0
06/20/2020,Tennessee,59.0
06/27/2020,Tennessee,63.0
07/04/2020,Tennessee,75.0
07/11/2020,Tennessee,106.0
07/18/2020,Tennessee,118.0
07/25/2020,Tennessee,157.0
08/01/2020,Tennessee,173.0
08/08/2020,Tennessee,176.0
08/15/2020,Tennessee,175.0
08/22/2020,Tennessee,139.0
08/29/2020,Tennessee,180.0
09/05/2020,Tennessee,148.0
09/12/2020,Tennessee,184.0
09/19/2020,Tennessee,155.0
09/26/2020,Tennessee,168.0
10/03/2020,Tennessee,130.0
10/10/2020,Tennessee,176.0
10/17/2020,Tennessee,216.0
10/24/2020,Tennessee,222.0
10/31/2020,Tennessee,222.0
11/07/2020,Tennessee,207.0
11/14/2020,Tennessee,75.0
02/01/2020,Texas,0.0
02/08/2020,Texas,0.0
02/15/2020,Texas,0.0
02/22/2020,Texas,0.0
03/14/2020,Texas,0.0
03/28/2020,Texas,44.0
04/04/2020,Texas,130.0
04/11/2020,Texas,205.0
04/18/2020,Texas,237.0
04/25/2020,Texas,243.0
05/02/2020,Texas,236.0
05/09/2020,Texas,228.0
05/16/2020,Texas,252.0
05/23/2020,Texas,172.0
05/30/2020,Texas,217.0
06/06/2020,Texas,181.0
06/13/2020,Texas,226.0
06/20/2020,Texas,304.0
06/27/2020,Texas,440.0
07/04/2020,Texas,807.0
07/11/2020,Texas,1270.0
07/18/2020,Texas,1747.0
07/25/2020,Texas,1881.0
08/01/2020,Texas,1719.0
08/08/2020,Texas,1481.0
08/15/2020,Texas,1364.0
08/22/2020,Texas,994.0
08/29/2020,Texas,843.0
09/05/2020,Texas,686.0
09/12/2020,Texas,560.0
09/19/2020,Texas,513.0
09/26/2020,Texas,498.0
10/03/2020,Texas,423.0
10/10/2020,Texas,475.0
10/17/2020,Texas,518.0
10/24/2020,Texas,602.0
10/31/2020,Texas,658.0
11/07/2020,Texas,436.0
11/14/2020,Texas,92.0
02/01/2020,Utah,0.0
02/08/2020,Utah,0.0
02/15/2020,Utah,0.0
02/22/2020,Utah,0.0
02/29/2020,Utah,0.0
03/07/2020,Utah,0.0
03/14/2020,Utah,0.0
03/21/2020,Utah,0.0
04/04/2020,Utah,11.0
04/25/2020,Utah,16.0
05/02/2020,Utah,12.0
05/09/2020,Utah,18.0
05/16/2020,Utah,17.0
05/23/2020,Utah,15.0
05/30/2020,Utah,12.0
06/06/2020,Utah,12.0
06/13/2020,Utah,20.0
06/20/2020,Utah,15.0
06/27/2020,Utah,13.0
07/04/2020,Utah,21.0
07/11/2020,Utah,36.0
07/18/2020,Utah,30.0
07/25/2020,Utah,44.0
08/01/2020,Utah,26.0
08/08/2020,Utah,29.0
08/15/2020,Utah,31.0
08/22/2020,Utah,18.0
08/29/2020,Utah,11.0
09/05/2020,Utah,19.0
09/12/2020,Utah,12.0
09/26/2020,Utah,23.0
10/03/2020,Utah,28.0
10/10/2020,Utah,43.0
10/17/2020,Utah,35.0
10/24/2020,Utah,37.0
10/31/2020,Utah,44.0
11/07/2020,Utah,54.0
11/14/2020,Utah,15.0
02/01/2020,Vermont,0.0
02/08/2020,Vermont,0.0
02/15/2020,Vermont,0.0
02/22/2020,Vermont,0.0
02/29/2020,Vermont,0.0
03/07/2020,Vermont,0.0
03/14/2020,Vermont,0.0
04/04/2020,Vermont,12.0
04/18/2020,Vermont,11.0
04/25/2020,Vermont,11.0
05/23/2020,Vermont,0.0
06/06/2020,Vermont,0.0
06/13/2020,Vermont,0.0
06/27/2020,Vermont,0.0
07/04/2020,Vermont,0.0
07/18/2020,Vermont,0.0
07/25/2020,Vermont,0.0
08/08/2020,Vermont,0.0
08/15/2020,Vermont,0.0
08/22/2020,Vermont,0.0
08/29/2020,Vermont,0.0
09/05/2020,Vermont,0.0
09/12/2020,Vermont,0.0
09/19/2020,Vermont,0.0
09/26/2020,Vermont,0.0
10/03/2020,Vermont,0.0
10/10/2020,Vermont,0.0
10/17/2020,Vermont,0.0
10/24/2020,Vermont,0.0
10/31/2020,Vermont,0.0
11/14/2020,Vermont,0.0
02/01/2020,Virginia,0.0
02/08/2020,Virginia,0.0
02/15/2020,Virginia,0.0
02/22/2020,Virginia,0.0
02/29/2020,Virginia,0.0
03/07/2020,Virginia,0.0
03/28/2020,Virginia,28.0
04/04/2020,Virginia,58.0
04/11/2020,Virginia,102.0
04/18/2020,Virginia,195.0
04/25/2020,Virginia,220.0
05/02/2020,Virginia,251.0
05/09/2020,Virginia,234.0
05/16/2020,Virginia,199.0
05/23/2020,Virginia,168.0
05/30/2020,Virginia,159.0
06/06/2020,Virginia,104.0
06/13/2020,Virginia,109.0
06/20/2020,Virginia,86.0
06/27/2020,Virginia,79.0
07/04/2020,Virginia,56.0
07/11/2020,Virginia,67.0
07/18/2020,Virginia,97.0
07/25/2020,Virginia,88.0
08/01/2020,Virginia,102.0
08/08/2020,Virginia,88.0
08/15/2020,Virginia,102.0
08/22/2020,Virginia,124.0
08/29/2020,Virginia,109.0
09/05/2020,Virginia,120.0
09/12/2020,Virginia,114.0
09/19/2020,Virginia,118.0
09/26/2020,Virginia,88.0
10/03/2020,Virginia,90.0
10/10/2020,Virginia,93.0
10/17/2020,Virginia,96.0
10/24/2020,Virginia,115.0
10/31/2020,Virginia,118.0
11/07/2020,Virginia,96.0
11/14/2020,Virginia,32.0
02/01/2020,Washington,0.0
02/08/2020,Washington,0.0
02/15/2020,Washington,0.0
02/22/2020,Washington,0.0
03/07/2020,Washington,21.0
03/14/2020,Washington,27.0
03/21/2020,Washington,63.0
03/28/2020,Washington,120.0
04/04/2020,Washington,158.0
04/11/2020,Washington,147.0
04/18/2020,Washington,123.0
04/25/2020,Washington,107.0
05/02/2020,Washington,78.0
05/09/2020,Washington,86.0
05/16/2020,Washington,71.0
05/23/2020,Washington,48.0
05/30/2020,Washington,36.0
06/06/2020,Washington,34.0
06/13/2020,Washington,43.0
06/20/2020,Washington,31.0
06/27/2020,Washington,39.0
07/04/2020,Washington,44.0
07/11/2020,Washington,56.0
07/18/2020,Washington,52.0
07/25/2020,Washington,76.0
08/01/2020,Washington,92.0
08/08/2020,Washington,82.0
08/15/2020,Washington,75.0
08/22/2020,Washington,52.0
08/29/2020,Washington,45.0
09/05/2020,Washington,42.0
09/12/2020,Washington,31.0
09/19/2020,Washington,44.0
09/26/2020,Washington,44.0
10/03/2020,Washington,46.0
10/10/2020,Washington,39.0
10/17/2020,Washington,42.0
10/24/2020,Washington,65.0
10/31/2020,Washington,56.0
11/07/2020,Washington,15.0
02/01/2020,West Virginia,0.0
02/08/2020,West Virginia,0.0
02/15/2020,West Virginia,0.0
02/22/2020,West Virginia,0.0
02/29/2020,West Virginia,0.0
03/07/2020,West Virginia,0.0
03/14/2020,West Virginia,0.0
03/21/2020,West Virginia,0.0
04/18/2020,West Virginia,11.0
04/25/2020,West Virginia,16.0
05/02/2020,West Virginia,16.0
05/16/2020,West Virginia,14.0
08/01/2020,West Virginia,17.0
08/08/2020,West Virginia,19.0
08/15/2020,West Virginia,14.0
08/22/2020,West Virginia,30.0
08/29/2020,West Virginia,27.0
09/05/2020,West Virginia,26.0
09/12/2020,West Virginia,21.0
09/19/2020,West Virginia,33.0
09/26/2020,West Virginia,21.0
10/03/2020,West Virginia,19.0
10/10/2020,West Virginia,30.0
10/17/2020,West Virginia,17.0
10/24/2020,West Virginia,16.0
10/31/2020,West Virginia,12.0
11/14/2020,West Virginia,0.0
02/01/2020,Wisconsin,0.0
02/08/2020,Wisconsin,0.0
02/15/2020,Wisconsin,0.0
02/22/2020,Wisconsin,0.0
02/29/2020,Wisconsin,0.0
03/07/2020,Wisconsin,0.0
03/14/2020,Wisconsin,0.0
03/28/2020,Wisconsin,19.0
04/04/2020,Wisconsin,77.0
04/11/2020,Wisconsin,76.0
04/18/2020,Wisconsin,75.0
04/25/2020,Wisconsin,47.0
05/02/2020,Wisconsin,72.0
05/09/2020,Wisconsin,57.0
05/16/2020,Wisconsin,55.0
05/23/2020,Wisconsin,65.0
05/30/2020,Wisconsin,88.0
06/06/2020,Wisconsin,46.0
06/13/2020,Wisconsin,41.0
06/20/2020,Wisconsin,37.0
06/27/2020,Wisconsin,35.0
07/04/2020,Wisconsin,23.0
07/11/2020,Wisconsin,19.0
07/18/2020,Wisconsin,35.0
07/25/2020,Wisconsin,52.0
08/01/2020,Wisconsin,48.0
08/08/2020,Wisconsin,60.0
08/15/2020,Wisconsin,46.0
08/22/2020,Wisconsin,38.0
08/29/2020,Wisconsin,42.0
09/05/2020,Wisconsin,40.0
09/12/2020,Wisconsin,47.0
09/19/2020,Wisconsin,36.0
09/26/2020,Wisconsin,60.0
10/03/2020,Wisconsin,84.0
10/10/2020,Wisconsin,119.0
10/17/2020,Wisconsin,192.0
10/24/2020,Wisconsin,268.0
10/31/2020,Wisconsin,327.0
11/07/2020,Wisconsin,340.0
11/14/2020,Wisconsin,135.0
02/01/2020,Wyoming,0.0
02/08/2020,Wyoming,0.0
02/15/2020,Wyoming,0.0
02/22/2020,Wyoming,0.0
02/29/2020,Wyoming,0.0
03/07/2020,Wyoming,0.0
03/14/2020,Wyoming,0.0
03/21/2020,Wyoming,0.0
03/28/2020,Wyoming,0.0
04/04/2020,Wyoming,0.0
05/02/2020,Wyoming,0.0
05/09/2020,Wyoming,0.0
06/27/2020,Wyoming,0.0
07/04/2020,Wyoming,0.0
08/29/2020,Wyoming,0.0
10/17/2020,Wyoming,11.0
10/24/2020,Wyoming,22.0
10/31/2020,Wyoming,20.0
11/07/2020,Wyoming,22.0
02/01/2020,Puerto Rico,0.0
02/08/2020,Puerto Rico,0.0
02/15/2020,Puerto Rico,0.0
02/22/2020,Puerto Rico,0.0
02/29/2020,Puerto Rico,0.0
03/07/2020,Puerto Rico,0.0
03/14/2020,Puerto Rico,0.0
03/28/2020,Puerto Rico,11.0
04/04/2020,Puerto Rico,18.0
04/11/2020,Puerto Rico,22.0
04/18/2020,Puerto Rico,20.0
04/25/2020,Puerto Rico,18.0
05/02/2020,Puerto Rico,14.0
05/09/2020,Puerto Rico,10.0
07/11/2020,Puerto Rico,10.0
07/18/2020,Puerto Rico,13.0
07/25/2020,Puerto Rico,24.0
08/01/2020,Puerto Rico,36.0
08/08/2020,Puerto Rico,40.0
08/15/2020,Puerto Rico,65.0
08/22/2020,Puerto Rico,47.0
08/29/2020,Puerto Rico,26.0
09/05/2020,Puerto Rico,44.0
09/12/2020,Puerto Rico,68.0
09/19/2020,Puerto Rico,45.0
09/26/2020,Puerto Rico,45.0
10/03/2020,Puerto Rico,46.0
10/10/2020,Puerto Rico,40.0
10/17/2020,Puerto Rico,38.0
10/24/2020,Puerto Rico,35.0
10/31/2020,Puerto Rico,24.0
11/07/2020,Puerto Rico,37.0
11/14/2020,Puerto Rico,22.0
